{
    "drug": {
        "GDSC": {
            "deepCINET": 0.6017226017226017,
            "ECINET": 0.5368874368874369
        }
    },
    "Erlotinib": {
        "CCLE": {
            "deepCINET": 0.8299920801254249,
            "ECINET": 0.6534866304974436
        },
        "gCSI": {
            "deepCINET": 0.6433773987206823,
            "ECINET": 0.6332622601279317
        },
        "GDSC": {
            "deepCINET": 0.6174461191717143,
            "ECINET": 0.6115297929285815
        }
    },
    "AZD7762": {
        "CCLE": {
            "deepCINET": 0.8168768795286523,
            "ECINET": 0.541667279889718
        },
        "gCSI": {
            "deepCINET": 0.6132796780684104,
            "ECINET": 0.5847082494969819
        },
        "GDSC": {
            "deepCINET": 0.638030132979628,
            "ECINET": 0.5668469203822739
        }
    },
    "Nilotinib": {
        "CCLE": {
            "deepCINET": 0.7340431879810911,
            "ECINET": 0.5405591762857276
        },
        "gCSI": {
            "deepCINET": 0.49030732860520093,
            "ECINET": 0.5806146572104018
        },
        "GDSC": {
            "deepCINET": 0.49137574687159447,
            "ECINET": 0.5233550035699522
        }
    },
    "Crizotinib": {
        "CCLE": {
            "deepCINET": 0.7934024701651988,
            "ECINET": 0.5318880608682057
        },
        "gCSI": {
            "deepCINET": 0.5511538265609346,
            "ECINET": 0.48686556519671936
        },
        "GDSC": {
            "deepCINET": 0.5731115459882583,
            "ECINET": 0.5682583170254403
        }
    },
    "Ibrutinib": {
        "CCLE": {
            "deepCINET": 0.7287600743273703,
            "ECINET": 0.5873071721514255
        },
        "gCSI": {
            "deepCINET": 0.6293993052613742,
            "ECINET": 0.5431500465983224
        },
        "GDSC": {
            "deepCINET": 0.6742544126597687,
            "ECINET": 0.5602759180361128
        }
    },
    "Vincristine": {
        "CCLE": {
            "deepCINET": 0.8799670161385322,
            "ECINET": 0.5102556249263753
        },
        "gCSI": {
            "deepCINET": 0.6435300207039337,
            "ECINET": 0.49085576259489305
        },
        "GDSC": {
            "deepCINET": 0.6601371923260335,
            "ECINET": 0.534683247129599
        }
    },
    "Dasatinib": {
        "CCLE": {
            "deepCINET": 0.8594343075233962,
            "ECINET": 0.41704919746954566
        },
        "gCSI": {
            "deepCINET": 0.5822198275862069,
            "ECINET": 0.3918103448275862
        },
        "GDSC": {
            "deepCINET": 0.7085684611389995,
            "ECINET": 0.3388956205643067
        }
    },
    "5-Fluorouracil": {
        "CCLE": {
            "deepCINET": 0.7602682357930449,
            "ECINET": 0.5531912637828669
        },
        "gCSI": {
            "deepCINET": 0.599617773530817,
            "ECINET": 0.47181079789775443
        },
        "GDSC": {
            "deepCINET": 0.5971958174904943,
            "ECINET": 0.5215957699619772
        }
    },
    "Lapatinib": {
        "CCLE": {
            "deepCINET": 0.7227086981903094,
            "ECINET": 0.589059781634906
        },
        "gCSI": {
            "deepCINET": 0.603464039884762,
            "ECINET": 0.5868166370521158
        },
        "GDSC": {
            "deepCINET": 0.636239924631006,
            "ECINET": 0.5944729404375588
        }
    },
    "Paclitaxel": {
        "CCLE": {
            "deepCINET": 0.8759322717194115,
            "ECINET": 0.6030638984075791
        },
        "gCSI": {
            "deepCINET": 0.6321694059878606,
            "ECINET": 0.5833560662892996
        },
        "GDSC": {
            "deepCINET": 0.5769774267183594,
            "ECINET": 0.511757672379434
        }
    },
    "Pictilisib": {
        "CCLE": {
            "deepCINET": 0.7778137910100683,
            "ECINET": 0.5312569132544129
        },
        "gCSI": {
            "deepCINET": 0.5988956466069142,
            "ECINET": 0.5366197183098591
        },
        "GDSC": {
            "deepCINET": 0.5920484304322688,
            "ECINET": 0.4888956909158929
        }
    },
    "AZD8055": {
        "CCLE": {
            "deepCINET": 0.847462061747776,
            "ECINET": 0.47700502552254576
        },
        "gCSI": {
            "deepCINET": 0.6185110663983904,
            "ECINET": 0.544466800804829
        },
        "GDSC": {
            "deepCINET": 0.5628205128205128,
            "ECINET": 0.45897435897435895
        }
    },
    "Vorinostat": {
        "CCLE": {
            "deepCINET": 0.7767348073981366,
            "ECINET": 0.6522255383331729
        },
        "gCSI": {
            "deepCINET": 0.6534680317309648,
            "ECINET": 0.5967862227947658
        },
        "GDSC": {
            "deepCINET": 0.6798117154811716,
            "ECINET": 0.6881450488145049
        }
    },
    "Gefitinib": {
        "CCLE": {
            "deepCINET": 0.779665803718522,
            "ECINET": 0.5803718522005178
        },
        "gCSI": {
            "deepCINET": 0.6909090909090909,
            "ECINET": 0.46585858585858586
        },
        "GDSC": {
            "deepCINET": 0.6073104200763775,
            "ECINET": 0.514966357519549
        }
    },
    "MK-2206": {
        "CCLE": {
            "deepCINET": 0.865523259312752,
            "ECINET": 0.5411686826743696
        },
        "gCSI": {
            "deepCINET": 0.6297786720321932,
            "ECINET": 0.6197183098591549
        },
        "GDSC": {
            "deepCINET": 0.5563399130143861,
            "ECINET": 0.5248912679826029
        }
    },
    "Dabrafenib": {
        "CCLE": {
            "deepCINET": 0.8253456327738475,
            "ECINET": 0.5805012253202017
        },
        "gCSI": {
            "deepCINET": 0.6518101639460863,
            "ECINET": 0.5693659091717345
        },
        "GDSC": {
            "deepCINET": 0.5623453469607316,
            "ECINET": 0.5265196342119419
        }
    },
    "Gemcitabine": {
        "CCLE": {
            "deepCINET": 0.8712035995500562,
            "ECINET": 0.5573903262092238
        },
        "gCSI": {
            "deepCINET": 0.6493920972644377,
            "ECINET": 0.4831686930091185
        },
        "GDSC": {
            "deepCINET": 0.6235418154610074,
            "ECINET": 0.5060708091011121
        }
    },
    "Bortezomib": {
        "CCLE": {
            "deepCINET": 0.7538984354962811,
            "ECINET": 0.5870415491151577
        },
        "gCSI": {
            "deepCINET": 0.5619047619047619,
            "ECINET": 0.5706004140786749
        },
        "GDSC": {
            "deepCINET": 0.5757322175732218,
            "ECINET": 0.5380404463040447
        }
    },
    "JQ1 compound": {
        "CCLE": {
            "deepCINET": 0.8109824144801545,
            "ECINET": 0.5561630851860723
        },
        "gCSI": {
            "deepCINET": 0.5637361853832442,
            "ECINET": 0.554210338680927
        },
        "GDSC": {
            "deepCINET": 0.6388888888888888,
            "ECINET": 0.5555555555555556
        }
    },
    "PLX4720": {
        "CCLE": {
            "deepCINET": 0.7775383217654951,
            "ECINET": 0.5347985928437866
        },
        "gCSI": {
            "deepCINET": 0.49465020576131685,
            "ECINET": 0.4831275720164609
        },
        "GDSC": {
            "deepCINET": 0.5871778210959497,
            "ECINET": 0.4730963210495374
        }
    },
    "Docetaxel": {
        "CCLE": {
            "deepCINET": 0.8598825195607254,
            "ECINET": 0.6685704998723039
        },
        "gCSI": {
            "deepCINET": 0.63615903975994,
            "ECINET": 0.5987690104344268
        },
        "GDSC": {
            "deepCINET": 0.6017226017226017,
            "ECINET": 0.5368874368874369
        }
    }
}