{
    "Erlotinib": [
        0.7566329966329967,
        0.681910447761194,
        0.6352303141287505
    ],
    "AZD7762": [
        0.7686677361276681,
        0.6442655935613683,
        0.6421113491820563
    ],
    "Nilotinib": [
        0.725589906450351,
        0.5423167848699764,
        0.524181729360039
    ],
    "Crizotinib": [
        0.7499869717025379,
        0.5435805131514153,
        0.572054794520548
    ],
    "Ibrutinib": [
        0.7056592156043497,
        0.6163517749724646,
        0.6555082166768107
    ],
    "Vincristine": [
        0.7889598303687124,
        0.6415286404416839,
        0.6440336011151462
    ],
    "Dasatinib": [
        0.7753332984785904,
        0.5735991379310345,
        0.7234723905141077
    ],
    "5-Fluorouracil": [
        0.7360156912637829,
        0.5726230291447683,
        0.5833531368821293
    ],
    "Lapatinib": [
        0.6903411882344102,
        0.5881622302344437,
        0.6452772253044419
    ],
    "Paclitaxel": [
        0.8257407780689378,
        0.6396542317397531,
        0.5638610094568643
    ],
    "Pictilisib": [
        0.7427934949812989,
        0.5974391805377721,
        0.5983403054110125
    ],
    "AZD8055": [
        0.817619936218319,
        0.6120724346076458,
        0.5423076923076923
    ],
    "Vorinostat": [
        0.7424718932854102,
        0.6517730015594277,
        0.6966875871687587
    ],
    "Gefitinib": [
        0.7352470504560288,
        0.7006060606060606,
        0.6240771049281688
    ],
    "MK-2206": [
        0.8366131070590359,
        0.6635814889336016,
        0.5831047172967547
    ],
    "Dabrafenib": [
        0.8072548203634345,
        0.6853728795476368,
        0.5744665590819437
    ],
    "Gemcitabine": [
        0.8368878890138732,
        0.6176671732522796,
        0.6235418154610074
    ],
    "Bortezomib": [
        0.7076814567837907,
        0.5863354037267081,
        0.5675732217573222
    ],
    "JQ1 compound": [
        0.7759744395921342,
        0.5623814616755793,
        0.6388888888888888
    ],
    "PLX4720": [
        0.736784140969163,
        0.505761316872428,
        0.5685510071474984
    ],
    "Docetaxel": [
        0.8183232337303522,
        0.64378026324763,
        0.5946539946539946
    ]
}